{
  "records_count": 10139,
  "direction_correlation": {
    "candle_direction": -0.059965358823742404,
    "log_return_1": -0.05134618720666822,
    "return_1": -0.05132761924378387,
    "return_lag_1": -0.05132761924378387,
    "rsi_momentum": -0.044723483514609995,
    "body_pct": 0.03662098078609815,
    "atr_pct": 0.036558134888328764,
    "high_low_range_pct": 0.03429538149197888,
    "price_momentum_3": -0.03305917738359103,
    "ema_10_spread_pct": -0.03143331525865793,
    "return_5": -0.03056559466246467,
    "lower_wick_ratio": -0.026172223658718085,
    "ema_20_spread_pct": -0.025982990524608722,
    "rsi": -0.025365164487240816,
    "body_ratio": 0.020779446692304835,
    "return_lag_5": 0.020293265040140722,
    "return_10": -0.01841526265488484,
    "volume_trend": -0.017179011195763934,
    "rsi_oversold": 0.014867892362976393,
    "rsi_overbought": -0.011907974757707922,
    "volatility_z": 0.011076646364736376,
    "vol_ratio": 0.00895854175977899,
    "return_lag_2": -0.008387194712114611,
    "volume_change_pct": -0.006880089146843632,
    "return_lag_4": -0.003816314961988454,
    "return_lag_3": 0.00359305073995175,
    "ma_delta_pct": -0.0029837693225837243,
    "volume_z": 0.00270528241844884,
    "rsi_neutral": -0.0008790958095305042,
    "upper_wick_ratio": 0.0001880717023153297
  },
  "model_effectiveness": {
    "TRENDVIC": {
      "upper_wick_ratio": -0.029641856380536975,
      "rsi": -0.025277796757375497,
      "body_ratio": 0.022942662176506392,
      "rsi_neutral": 0.022349341419997597,
      "volume_change_pct": -0.021089677263082234,
      "rsi_overbought": -0.017868107429956846,
      "candle_direction": -0.015573177030276109,
      "volume_z": -0.013986172163906768,
      "return_lag_3": -0.013616338138729596,
      "rsi_momentum": -0.012719747020509086,
      "body_pct": 0.011068450148224824,
      "price_momentum_3": -0.010724729977761723,
      "return_5": -0.010599985684359438,
      "vol_ratio": 0.010487798398247164,
      "atr_pct": 0.010263488918013734,
      "volume_trend": -0.009972311187950595,
      "log_return_1": -0.009862778100936604,
      "return_1": -0.009857515775819161,
      "return_lag_1": -0.009857515775819161,
      "ema_10_spread_pct": -0.009819739812633376,
      "return_lag_5": -0.008728363063335848,
      "high_low_range_pct": 0.008158060738565141,
      "return_10": -0.007259089333816638,
      "ema_20_spread_pct": -0.006600318158202829,
      "rsi_oversold": 0.0058145547636773084,
      "volatility_z": 0.0053683841264817135,
      "return_lag_2": 0.00528363880629138,
      "ma_delta_pct": -0.0034424765797071975,
      "return_lag_4": -0.00256246385497711,
      "lower_wick_ratio": 0.0011270084901193423
    },
    "OSCILLATOR": {
      "rsi": 0.03009079188272614,
      "volume_z": 0.026876289492103283,
      "rsi_momentum": 0.020683862034048747,
      "volume_change_pct": 0.019742755612897466,
      "rsi_overbought": 0.0175416947826456,
      "upper_wick_ratio": 0.01708751155086431,
      "rsi_neutral": -0.016879859657229393,
      "return_lag_5": 0.016856209487526957,
      "candle_direction": 0.01614089896535012,
      "return_5": 0.014753961614518016,
      "return_lag_3": 0.013021814380483294,
      "price_momentum_3": 0.013005970887471293,
      "ema_10_spread_pct": 0.012808704383645774,
      "volatility_z": 0.012120033296260206,
      "volume_trend": 0.011790273159561826,
      "return_10": 0.010512933627051538,
      "body_ratio": -0.009639581495004788,
      "ema_20_spread_pct": 0.008998107809821245,
      "return_1": 0.008979589784452313,
      "return_lag_1": 0.008979589784452313,
      "log_return_1": 0.008977719142125284,
      "body_pct": 0.007219157862032715,
      "high_low_range_pct": 0.006940811702756888,
      "return_lag_4": 0.0068424300754214434,
      "rsi_oversold": -0.005988690341718296,
      "lower_wick_ratio": -0.005344260065801753,
      "ma_delta_pct": 0.0037663730001342966,
      "vol_ratio": 0.002973683631496313,
      "atr_pct": 0.001091896767764352,
      "return_lag_2": 6.547518135004386e-05
    },
    "VOLUMEMETRIX": {
      "volume_change_pct": -0.026963066459137423,
      "body_pct": -0.024701816724350043,
      "candle_direction": -0.02323530194690384,
      "volatility_z": -0.017614120781725702,
      "high_low_range_pct": -0.01601283190289999,
      "rsi_overbought": -0.014356257582693481,
      "return_lag_4": -0.013496012102811691,
      "rsi": -0.012702309968415742,
      "lower_wick_ratio": 0.01250810996815815,
      "return_lag_3": -0.010589764306129639,
      "vol_ratio": -0.010229256256655564,
      "return_5": -0.009483866829049992,
      "rsi_neutral": 0.008943523148561668,
      "return_10": -0.008369147000034698,
      "rsi_momentum": -0.008368553187344842,
      "return_lag_5": -0.00737341217752221,
      "body_ratio": -0.007230468679859906,
      "ema_10_spread_pct": -0.007043143379938325,
      "ema_20_spread_pct": -0.006353668398497961,
      "volume_trend": -0.0059548892901644295,
      "volume_z": -0.005746827151427146,
      "ma_delta_pct": -0.005359514098736849,
      "atr_pct": -0.003953972578732577,
      "price_momentum_3": -0.0029908870524868545,
      "upper_wick_ratio": -0.0029775429324980533,
      "log_return_1": 0.002836576277613574,
      "return_1": 0.002823493525343742,
      "return_lag_1": 0.002823493525343742,
      "return_lag_2": 0.0026779523531379017,
      "rsi_oversold": -0.0019596974264586647
    }
  },
  "information_gain": {
    "TRENDVIC": {
      "rsi_overbought": 0.6665971314817926,
      "rsi_oversold": 0.6596791728012611,
      "rsi_neutral": 0.5707359437426902,
      "candle_direction": 0.538132098408374,
      "lower_wick_ratio": 0.36794118694586586,
      "upper_wick_ratio": 0.30094651970834374,
      "ema_20_spread_pct": 0.0012293682687017915,
      "rsi": 0.0007795259566104606,
      "ma_delta_pct": 0.0005678502392446605,
      "return_10": 0.0005542834132167274,
      "ema_10_spread_pct": 0.00047544724758397106,
      "atr_pct": 0.00046763355108336846,
      "body_ratio": 0.0004671659052301047,
      "return_lag_2": 0.0003761570306796136,
      "volume_trend": 0.0003493974987465176,
      "return_lag_5": 0.0003362649934874895,
      "volume_z": 0.000323741905132513,
      "rsi_momentum": 0.00029904251961176964,
      "return_lag_4": 0.00029391026138037013,
      "return_lag_3": 0.00027358075692407446,
      "return_1": 0.0002531074331613148,
      "log_return_1": 0.0002531074331613148,
      "return_lag_1": 0.0002531074331613148,
      "volatility_z": 0.00022901796839291944,
      "body_pct": 0.00022673171401066394,
      "price_momentum_3": 0.00020754481124996005,
      "volume_change_pct": 0.00013047409405342325,
      "vol_ratio": 0.0001286656234822381,
      "high_low_range_pct": 9.692760782409326e-05,
      "return_5": 7.715579568323694e-05
    },
    "OSCILLATOR": {
      "rsi_overbought": 0.7052652300238716,
      "rsi_oversold": 0.6971392035006189,
      "rsi_neutral": 0.5829997460749845,
      "candle_direction": 0.528080814424971,
      "lower_wick_ratio": 0.3840433971039241,
      "upper_wick_ratio": 0.28143804289882046,
      "ema_20_spread_pct": 0.002054842075512764,
      "atr_pct": 0.0011306453229529279,
      "rsi": 0.0010127063285368942,
      "ema_10_spread_pct": 0.0009124474521187143,
      "volume_z": 0.0007480161505241112,
      "return_10": 0.0005576104218965039,
      "rsi_momentum": 0.0005318937063140128,
      "ma_delta_pct": 0.0004615524812693339,
      "volume_trend": 0.0004432929373346939,
      "return_lag_4": 0.00040613867383398894,
      "price_momentum_3": 0.00038760710147978106,
      "return_5": 0.00034469027808470276,
      "high_low_range_pct": 0.00033604423489785873,
      "body_ratio": 0.00031209404228060844,
      "return_1": 0.0002973554121042943,
      "log_return_1": 0.0002973554121042943,
      "return_lag_1": 0.0002973554121042943,
      "vol_ratio": 0.0002870593572575908,
      "return_lag_2": 0.00028495816331686186,